{
  "Non-Success": {
    "precision": 0.9521700620017715,
    "recall": 0.9172354948805461,
    "f1-score": 0.9343763581051717,
    "support": 1172.0
  },
  "Success": {
    "precision": 0.8624113475177305,
    "recall": 0.918429003021148,
    "f1-score": 0.8895391367959035,
    "support": 662.0
  },
  "accuracy": 0.9176663031624863,
  "macro avg": {
    "precision": 0.9072907047597509,
    "recall": 0.917832248950847,
    "f1-score": 0.9119577474505376,
    "support": 1834.0
  },
  "weighted avg": {
    "precision": 0.9197707877441733,
    "recall": 0.9176663031624863,
    "f1-score": 0.9181919303479549,
    "support": 1834.0
  }
}